{
  "best_global_step": null,
  "best_metric": null,
  "best_model_checkpoint": null,
  "epoch": 0.22857142857142856,
  "eval_steps": 500,
  "global_step": 100,
  "is_hyper_param_search": false,
  "is_local_process_zero": true,
  "is_world_process_zero": true,
  "log_history": [
    {
      "epoch": 0.05714285714285714,
      "grad_norm": 4.15346622467041,
      "learning_rate": 8.800000000000001e-05,
      "loss": 2.1667,
      "step": 25
    },
    {
      "epoch": 0.11428571428571428,
      "grad_norm": 3.1665656566619873,
      "learning_rate": 0.000188,
      "loss": 1.3908,
      "step": 50
    },
    {
      "epoch": 0.17142857142857143,
      "grad_norm": 2.3396947383880615,
      "learning_rate": 0.00019651898734177216,
      "loss": 1.3041,
      "step": 75
    },
    {
      "epoch": 0.22857142857142856,
      "grad_norm": 2.3446061611175537,
      "learning_rate": 0.00019256329113924052,
      "loss": 1.2893,
      "step": 100
    }
  ],
  "logging_steps": 25,
  "max_steps": 1314,
  "num_input_tokens_seen": 0,
  "num_train_epochs": 3,
  "save_steps": 100,
  "stateful_callbacks": {
    "TrainerControl": {
      "args": {
        "should_epoch_stop": false,
        "should_evaluate": false,
        "should_log": false,
        "should_save": true,
        "should_training_stop": false
      },
      "attributes": {}
    }
  },
  "total_flos": 3481939887292416.0,
  "train_batch_size": 1,
  "trial_name": null,
  "trial_params": null
}
